provincia,marca_modelo,fecha_matriculacion,kilometraje,nombre_vendedor,tipo_vendedor,distintivo_ambiental,garantia,precio_contado,precio_nuevo,largo,ancho,alto,capacidad_maletero,carroceria,num_plazas,batalla,peso,num_puertas,consumo_medio,consumo_carretera,consumo_urbano,CO2,deposito,combustible,cilindros,cilindrada,sobrealimentacion,tipo_cambio,traccion,num_marchas,potencia_kw,potencia_cv,par,velocidad_max,aceleracion
Málaga,Detalles VOLKSWAGEN Golf (2019) ,Matriculado: 01/2019,80000,MARBESOL,Profesional,C,12 meses,13890,23957,4258 mm Largo,1790 mm Ancho,1492 mm Alto,Capacidad del maletero (l)380/1.270,CarroceríaBerlina,Número de plazas5,"Batalla (mm)
2.620",Peso/Masa max. autorizado (kg)1.720,Número de puertas5,"Consumo medio 4,80 litros/100 km","Consumo en carretera 4,10 litros/100 km","Consumo urbano 5,90 litros/100 km",CO2 (g/km) 108 g/km,"Depósito de combustible (l) 50,00 litros",Combustible Gasolina,Nº de cilindros 3 cilindros,Cilindrada (cm3) 999,Sobrealimentación Turbo,Tipo de transmisión Manual,TracciónTracción delantera,Número de marchas6,Potencia (KW)85,Potencia (CV)115,Par (Nm)200,Velocidad máxima (km/h)196,"Aceleración 0-100 km/h (s)9,90"
Las Palmas,Detalles MITSUBISHI Colt (2024) ,Matriculado: 06/2024,3000,SHOPING CAR,Profesional,C,12 meses,15995,19300,4053 mm Largo,1798 mm Ancho,1439 mm Alto,Capacidad del maletero (l)391/1.069,CarroceríaBerlina,Número de plazas5,"Batalla (mm)
2.583",Peso/Masa max. autorizado (kg)1.570,Número de puertas3,"Consumo medio 0,00 litros/100 km","Consumo en carretera 0,00 litros/100 km","Consumo urbano 0,00 litros/100 km",CO2 (g/km) - g/km,"Depósito de combustible (l) 42,00 litros",Combustible Gasolina,Nº de cilindros 3 cilindros,Cilindrada (cm3) 999,Sobrealimentación Turbo,Tipo de transmisión Manual,TracciónTracción delantera,Número de marchas6,Potencia (KW)67,Potencia (CV)90,Par (Nm)160,Velocidad máxima (km/h)180,"Aceleración 0-100 km/h (s)12,20"
Barcelona,Detalles TOYOTA Aygo (2011) ,Matriculado: 08/2011,160000,RAUL BLANCO JIMENEZ,Profesional,C,12 meses,5500,10900,3415 mm Largo,1615 mm Ancho,1465 mm Alto,Capacidad del maletero (l)139/0,CarroceríaBerlina,Número de plazas4,"Batalla (mm)
2.340",Peso/Masa max. autorizado (kg)1.245,Número de puertas5,"Consumo medio 4,60 litros/100 km","Consumo en carretera 4,00 litros/100 km","Consumo urbano 5,50 litros/100 km",CO2 (g/km) 105 g/km,"Depósito de combustible (l) 35,00 litros",Combustible Gasolina,Nº de cilindros 3 cilindros,Cilindrada (cm3) 998,Sobrealimentación -,Tipo de transmisión Manual,TracciónTracción delantera,Número de marchas5,Potencia (KW)50,Potencia (CV)68,Par (Nm)93,Velocidad máxima (km/h)157,"Aceleración 0-100 km/h (s)14,20"
Jaén,Detalles BMW X1 (2016) ,Matriculado: 11/2016,126370,IMEXPORT UBECARS,Profesional,C,12 meses,22900,38000,4439 mm Largo,1821 mm Ancho,1598 mm Alto,Capacidad del maletero (l)505/1.550,CarroceríaTodo Terreno,Número de plazas5,"Batalla (mm)
2.670",Peso/Masa max. autorizado (kg)2.075,Número de puertas5,"Consumo medio 5,90 litros/100 km","Consumo en carretera 5,10 litros/100 km","Consumo urbano 7,10 litros/100 km",CO2 (g/km) 136 g/km,"Depósito de combustible (l) 51,00 litros",Combustible Gasolina,Nº de cilindros 4 cilindros,Cilindrada (cm3) 1.998,Sobrealimentación Turbo,Tipo de transmisión Automática secuencial,TracciónTracción delantera,Número de marchas8,Potencia (KW)141,Potencia (CV)192,Par (Nm)280,Velocidad máxima (km/h)225,"Aceleración 0-100 km/h (s)7,70"
Málaga,Detalles SEAT Arona (2021) ,Matriculado: 06/2021,80000,MARBESOL,Profesional,C,12 meses,13900,23150,4153 mm Largo,1780 mm Ancho,1552 mm Alto,Capacidad del maletero (l)400/0,CarroceríaTodo Terreno,Número de plazas5,"Batalla (mm)
2.566",Peso/Masa max. autorizado (kg)1.730,Número de puertas5,"Consumo medio 0,00 litros/100 km","Consumo en carretera 0,00 litros/100 km","Consumo urbano 0,00 litros/100 km",CO2 (g/km) - g/km,"Depósito de combustible (l) 40,00 litros",Combustible Gasolina,Nº de cilindros 3 cilindros,Cilindrada (cm3) 999,Sobrealimentación Turbo,Tipo de transmisión Manual,TracciónTracción delantera,Número de marchas6,Potencia (KW)81,Potencia (CV)110,Par (Nm)200,Velocidad máxima (km/h)190,"Aceleración 0-100 km/h (s)10,30"
Cádiz,Detalles RENAULT Kadjar (2017) ,Matriculado: 11/2017,170000,AUTOS CASTELLANO,Profesional,C,11 meses,14590,29355,4449 mm Largo,1836 mm Ancho,1607 mm Alto,Capacidad del maletero (l)472/1.478,CarroceríaTodo Terreno,Número de plazas5,"Batalla (mm)
2.646",Peso/Masa max. autorizado (kg)2.050,Número de puertas5,"Consumo medio 4,90 litros/100 km","Consumo en carretera 4,60 litros/100 km","Consumo urbano 5,50 litros/100 km",CO2 (g/km) 129 g/km,"Depósito de combustible (l) 55,00 litros",Combustible Diesel,Nº de cilindros 4 cilindros,Cilindrada (cm3) 1.598,Sobrealimentación Turbo,Tipo de transmisión Manual,TracciónTodo terreno tracción total permanente,Número de marchas6,Potencia (KW)96,Potencia (CV)130,Par (Nm)320,Velocidad máxima (km/h)190,"Aceleración 0-100 km/h (s)10,50"
Las Palmas,Detalles AUDI A1 (2023) ,Matriculado: 01/2023,14700,GT CARS PREMIUM LAS PALMAS,Profesional,C,12 meses,26900,no disponible,,,,,Berlina mediana o grande,5,,,5 Puertas,,,,,,Gasolina,,,,Automático,,,,110,,,
Valencia,Detalles VOLKSWAGEN Golf (2017) ,Matriculado: 05/2017,117000,QUALITY CARS,Profesional,C,12 meses,18900 19500 3%,30302,4258 mm Largo,1790 mm Ancho,1492 mm Alto,Capacidad del maletero (l)380/1.270,CarroceríaBerlina,Número de plazas5,"Batalla (mm)
2.620",Peso/Masa max. autorizado (kg)1.800,Número de puertas5,"Consumo medio 4,20 litros/100 km","Consumo en carretera 3,90 litros/100 km","Consumo urbano 4,70 litros/100 km",CO2 (g/km) 111 g/km,"Depósito de combustible (l) 50,00 litros",Combustible Diesel,Nº de cilindros 4 cilindros,Cilindrada (cm3) 1.598,Sobrealimentación Turbo de geometría variable,Tipo de transmisión Manual,TracciónTracción delantera,Número de marchas5,Potencia (KW)85,Potencia (CV)115,Par (Nm)250,Velocidad máxima (km/h)198,"Aceleración 0-100 km/h (s)10,20"
Madrid,Detalles PEUGEOT 2008 (2022) ,Matriculado: 07/2022,30913,CLICARS MADRID,Profesional,C,12 meses,15990,26790,4300 mm Largo,1770 mm Ancho,1530 mm Alto,Capacidad del maletero (l)405/1.467,CarroceríaTodo Terreno,Número de plazas5,"Batalla (mm)
2.605",Peso/Masa max. autorizado (kg)1.710,Número de puertas5,"Consumo medio 4,60 litros/100 km","Consumo en carretera 4,00 litros/100 km","Consumo urbano 5,50 litros/100 km",CO2 (g/km) 105 g/km,"Depósito de combustible (l) 44,00 litros",Combustible Gasolina,Nº de cilindros 3 cilindros,Cilindrada (cm3) 1.199,Sobrealimentación Turbo,Tipo de transmisión Manual,TracciónTracción delantera,Número de marchas6,Potencia (KW)74,Potencia (CV)100,Par (Nm)205,Velocidad máxima (km/h)188,"Aceleración 0-100 km/h (s)10,90"
Madrid,Detalles PEUGEOT 3008 SUV (2019) ,Matriculado: 06/2019,69865,CLICARS MADRID,Profesional,C,12 meses,15990,31000,4447 mm Largo,1841 mm Ancho,1620 mm Alto,Capacidad del maletero (l)520/1.482,CarroceríaTodo Terreno,Número de plazas5,"Batalla (mm)
2.675",Peso/Masa max. autorizado (kg)1.910,Número de puertas5,"Consumo medio 5,30 litros/100 km","Consumo en carretera 4,80 litros/100 km","Consumo urbano 6,10 litros/100 km",CO2 (g/km) 114 g/km,"Depósito de combustible (l) 53,00 litros",Combustible Gasolina,Nº de cilindros 3 cilindros,Cilindrada (cm3) 1.199,Sobrealimentación -,Tipo de transmisión Manual,TracciónTracción delantera,Número de marchas6,Potencia (KW)96,Potencia (CV)130,Par (Nm)230,Velocidad máxima (km/h)188,"Aceleración 0-100 km/h (s)10,80"
Madrid,Detalles NISSAN Qashqai (2022) ,Matriculado: 11/2022,86656,CLICARS MADRID,Profesional,ECO,12 meses,23890 24490 2%,39500,4425 mm Largo,1848 mm Ancho,1625 mm Alto,Capacidad del maletero (l)479/1.441,CarroceríaTodo Terreno,Número de plazas5,"Batalla (mm)
2.665",Peso/Masa max. autorizado (kg)1.935,Número de puertas5,"Consumo medio 0,00 litros/100 km","Consumo en carretera 0,00 litros/100 km","Consumo urbano 0,00 litros/100 km",CO2 (g/km) - g/km,"Depósito de combustible (l) 55,00 litros",Combustible Gasolina,Nº de cilindros 4 cilindros,Cilindrada (cm3) 1.332,Sobrealimentación Turbo,Tipo de transmisión Manual,TracciónTracción delantera,Número de marchas6,Potencia (KW)116,Potencia (CV)158,Par (Nm)260,Velocidad máxima (km/h)199,"Aceleración 0-100 km/h (s)9,20"
Córdoba,Detalles HYUNDAI i10 (2023) ,Matriculado: 10/2023,10,VALENZA CORDOBA,Profesional,C,60 meses,17500,19090,3670 mm Largo,1680 mm Ancho,1480 mm Alto,Capacidad del maletero (l)252/1.050,CarroceríaBerlina,Número de plazas4,"Batalla (mm)
2.425",Peso/Masa max. autorizado (kg)1.410,Número de puertas5,"Consumo medio 0,00 litros/100 km","Consumo en carretera 0,00 litros/100 km","Consumo urbano 0,00 litros/100 km",CO2 (g/km) - g/km,"Depósito de combustible (l) 36,00 litros",Combustible Gasolina,Nº de cilindros 3 cilindros,Cilindrada (cm3) 998,Sobrealimentación -,Tipo de transmisión Manual automatizada,TracciónTracción delantera,Número de marchas5,Potencia (KW)49,Potencia (CV)67,Par (Nm)96,Velocidad máxima (km/h)156,"Aceleración 0-100 km/h (s)17,80"
Córdoba,Detalles TOYOTA Yaris (2023) ,Matriculado: 03/2023,9683,VALENZA CORDOBA,Profesional,ECO,12 meses,22900,no disponible,,,,,Pequeño,,,,5 Puertas,,,,,,Gasolina y corriente eléctrica,,1.500,,Automático,,,,116,,,
Valencia,Detalles FIAT 500 (2021) ,Matriculado: 03/2021,6077,FerrisAuto,Profesional,0 EMISIONES,12 meses,24890,34350,3632 mm Largo,1683 mm Ancho,1527 mm Alto,Capacidad del maletero (l)185/0,CarroceríaConvertible,Número de plazas4,"Batalla (mm)
2.322",Peso/Masa max. autorizado (kg)1.480,Número de puertas2,"Consumo medio 0,00 litros/100 km","Consumo en carretera 0,00 litros/100 km","Consumo urbano 0,00 litros/100 km",CO2 (g/km) - g/km,"Depósito de combustible (l) 0,00 litros",Combustible Corriente eléctrica,Nº de cilindros - cilindros,Cilindrada (cm3) 0,Sobrealimentación -,"Tipo de transmisión Directo, sin caja de cambios",TracciónTracción delantera,Número de marchas1,Potencia (KW)87,Potencia (CV)118,Par (Nm)220,Velocidad máxima (km/h)150,"Aceleración 0-100 km/h (s)9,00"
Valencia,Detalles MITSUBISHI Eclipse Cross (2023) ,Matriculado: 11/2023,16125,FerrisAuto,Profesional,0 EMISIONES,12 meses,29890,46700,4545 mm Largo,1805 mm Ancho,1685 mm Alto,Capacidad del maletero (l)404/1.153,CarroceríaTodo Terreno,Número de plazas5,"Batalla (mm)
2.670",Peso/Masa max. autorizado (kg)2.425,Número de puertas5,"Consumo medio 0,00 litros/100 km","Consumo en carretera 0,00 litros/100 km","Consumo urbano 0,00 litros/100 km",CO2 (g/km) - g/km,"Depósito de combustible (l) 43,00 litros",Combustible Gasolina y corriente eléctrica,Nº de cilindros 4 cilindros,Cilindrada (cm3) 2.360,Sobrealimentación Turbo,"Tipo de transmisión Directo, sin caja de cambios",TracciónTodo terreno tracción total permanente,Número de marchas1,Potencia (KW)138,Potencia (CV)188,Par (Nm)193,Velocidad máxima (km/h)162,"Aceleración 0-100 km/h (s)10,90"
Sevilla,Detalles FORD Focus (2019) ,Matriculado: 04/2019,24000,CARPLUS SEVILLA,Profesional,C,12 meses,19100,25350,4378 mm Largo,1825 mm Ancho,1452 mm Alto,Capacidad del maletero (l)375/1.354,CarroceríaBerlina,Número de plazas5,"Batalla (mm)
2.700",Peso/Masa max. autorizado (kg)1.900,Número de puertas5,"Consumo medio 5,70 litros/100 km","Consumo en carretera 4,80 litros/100 km","Consumo urbano 7,20 litros/100 km",CO2 (g/km) 126 g/km,"Depósito de combustible (l) 52,00 litros",Combustible Gasolina,Nº de cilindros 3 cilindros,Cilindrada (cm3) 999,Sobrealimentación Turbo,Tipo de transmisión Automática secuencial,TracciónTracción delantera,Número de marchas8,Potencia (KW)92,Potencia (CV)125,Par (Nm)170,Velocidad máxima (km/h)195,"Aceleración 0-100 km/h (s)11,10"
Sevilla,Detalles KIA Sportage (2021) ,Matriculado: 06/2021,47000,CARPLUS SEVILLA,Profesional,C,No,19290,24958,4485 mm Largo,1855 mm Ancho,1635 mm Alto,Capacidad del maletero (l)503/1.492,CarroceríaTodo Terreno,Número de plazas5,"Batalla (mm)
2.670",Peso/Masa max. autorizado (kg)2.000,Número de puertas5,"Consumo medio 6,80 litros/100 km","Consumo en carretera 6,10 litros/100 km","Consumo urbano 8,10 litros/100 km",CO2 (g/km) 152 g/km,"Depósito de combustible (l) 0,00 litros",Combustible Gasolina,Nº de cilindros 4 cilindros,Cilindrada (cm3) 1.591,Sobrealimentación -,Tipo de transmisión Manual,TracciónTracción delantera,Número de marchas6,Potencia (KW)97,Potencia (CV)132,Par (Nm)161,Velocidad máxima (km/h)182,"Aceleración 0-100 km/h (s)11,50"
Madrid,Detalles MERCEDES-BENZ EQE (2024) ,Matriculado: 05/2024,741,STAR MADRID,Profesional,0 EMISIONES,36 meses,67990,no disponible,,,,,"4x4, SUV o pickup",,,,5 Puertas,,,,,,Eléctrico,,,,Automático,,,,292,,,
Madrid,Detalles MERCEDES-BENZ Clase A (2023) ,Matriculado: 07/2023,12712,STAR MADRID,Profesional,ECO,36 meses,33990 34990 3%,no disponible,,,,,Berlina mediana o grande,,,,4 Puertas,,,,,,Híbrido,,,,Automático,,,,218,,,
Valencia,Detalles TOYOTA RAV-4 (2021) ,Matriculado: 11/2021,21000,QUALITY CARS,Profesional,0 EMISIONES,12 meses,39900,58650,4600 mm Largo,1855 mm Ancho,1685 mm Alto,Capacidad del maletero (l)520/0,CarroceríaTodo Terreno,Número de plazas5,"Batalla (mm)
2.690",Peso/Masa max. autorizado (kg)2.510,Número de puertas5,"Consumo medio 0,00 litros/100 km","Consumo en carretera 0,00 litros/100 km","Consumo urbano 0,00 litros/100 km",CO2 (g/km) - g/km,"Depósito de combustible (l) 55,00 litros",Combustible Gasolina y corriente eléctrica,Nº de cilindros 4 cilindros,Cilindrada (cm3) 2.487,Sobrealimentación -,Tipo de transmisión Automática continua,TracciónTodo terreno tracción total permanente,Número de marchas1,Potencia (KW)225,Potencia (CV)306,Par (Nm)221,Velocidad máxima (km/h)180,"Aceleración 0-100 km/h (s)6,00"
Valencia,Detalles TOYOTA C-HR (2021) ,Matriculado: 07/2021,41739,GRUPO GINESTAR VALENCIA,Profesional,ECO,12 meses,27120,35900,4395 mm Largo,1795 mm Ancho,1555 mm Alto,Capacidad del maletero (l)358/0,CarroceríaTodo Terreno,Número de plazas5,"Batalla (mm)
2.640",Peso/Masa max. autorizado (kg)1.860,Número de puertas5,"Consumo medio 4,00 litros/100 km","Consumo en carretera 3,40 litros/100 km","Consumo urbano 3,80 litros/100 km",CO2 (g/km) 92 g/km,"Depósito de combustible (l) 43,00 litros",Combustible Gasolina y corriente eléctrica,Nº de cilindros 4 cilindros,Cilindrada (cm3) 1.987,Sobrealimentación Turbo,Tipo de transmisión Automática continua,TracciónTracción delantera,Número de marchas1,Potencia (KW)135,Potencia (CV)184,Par (Nm)190,Velocidad máxima (km/h)180,"Aceleración 0-100 km/h (s)8,20"
Valencia,Detalles RENAULT Arkana (2023) ,Matriculado: 05/2023,13859,GRUPO GINESTAR VALENCIA,Profesional,ECO,24 meses,28898,34400,4568 mm Largo,1821 mm Ancho,1576 mm Alto,Capacidad del maletero (l)513/1.269,CarroceríaTodo Terreno,Número de plazas5,"Batalla (mm)
2.720",Peso/Masa max. autorizado (kg)1.876,Número de puertas5,"Consumo medio 0,00 litros/100 km","Consumo en carretera 0,00 litros/100 km","Consumo urbano 0,00 litros/100 km",CO2 (g/km) - g/km,"Depósito de combustible (l) 50,00 litros",Combustible Gasolina,Nº de cilindros 4 cilindros,Cilindrada (cm3) 1.333,Sobrealimentación Turbo,Tipo de transmisión Automática secuencial,TracciónTracción delantera,Número de marchas7,Potencia (KW)103,Potencia (CV)140,Par (Nm)260,Velocidad máxima (km/h)205,"Aceleración 0-100 km/h (s)9,80"
Valencia,Detalles RENAULT Mégane (2021) ,Matriculado: 11/2021,15177,GRUPO GINESTAR VALENCIA,Profesional,0 EMISIONES,24 meses,23163,38175,4359 mm Largo,1814 mm Ancho,1438 mm Alto,Capacidad del maletero (l)473/1.367,CarroceríaBerlina,Número de plazas5,"Batalla (mm)
2.670",Peso/Masa max. autorizado (kg)2.060,Número de puertas5,"Consumo medio 0,00 litros/100 km","Consumo en carretera 0,00 litros/100 km","Consumo urbano 0,00 litros/100 km",CO2 (g/km) - g/km,"Depósito de combustible (l) 39,00 litros",Combustible Gasolina y corriente eléctrica,Nº de cilindros 4 cilindros,Cilindrada (cm3) 1.598,Sobrealimentación Turbo,Tipo de transmisión Automática,TracciónTracción delantera,Número de marchas4,Potencia (KW)117,Potencia (CV)160,Par (Nm)205,Velocidad máxima (km/h)175,"Aceleración 0-100 km/h (s)9,40"
Valencia,Detalles RENAULT Espace SUV (2023) ,Matriculado: 06/2023,3568,GRUPO GINESTAR VALENCIA,Profesional,ECO,24 meses,44300,48360,4722 mm Largo,1579 mm Ancho,1645 mm Alto,Capacidad del maletero (l)206/1.818,CarroceríaTodo Terreno,Número de plazas7,"Batalla (mm)
2.738",Peso/Masa max. autorizado (kg)2.255,Número de puertas5,"Consumo medio 0,00 litros/100 km","Consumo en carretera 0,00 litros/100 km","Consumo urbano 0,00 litros/100 km",CO2 (g/km) - g/km,"Depósito de combustible (l) 58,00 litros",Combustible Gasolina y corriente eléctrica,Nº de cilindros 3 cilindros,Cilindrada (cm3) 1.199,Sobrealimentación Turbo,Tipo de transmisión Automática,TracciónTracción delantera,Número de marchas7,Potencia (KW)146,Potencia (CV)200,Par (Nm)0,Velocidad máxima (km/h)175,"Aceleración 0-100 km/h (s)8,80"
Valencia,Detalles AUDI Q5 (2020) ,Matriculado: 02/2020,96000,QUALITY CARS,Profesional,0 EMISIONES,12 meses,37900 38900 3%,66200,4663 mm Largo,1893 mm Ancho,1659 mm Alto,Capacidad del maletero (l)395/0,CarroceríaTodo Terreno,Número de plazas5,"Batalla (mm)
2.819",Peso/Masa max. autorizado (kg)2.620,Número de puertas5,"Consumo medio 2,10 litros/100 km","Consumo en carretera 0,00 litros/100 km","Consumo urbano 0,00 litros/100 km",CO2 (g/km) 49 g/km,"Depósito de combustible (l) 54,00 litros",Combustible Gasolina y corriente eléctrica,Nº de cilindros 4 cilindros,Cilindrada (cm3) 1.984,Sobrealimentación Turbo,Tipo de transmisión Automática secuencial,TracciónTodo terreno tracción total permanente,Número de marchas7,Potencia (KW)270,Potencia (CV)367,Par (Nm)370,Velocidad máxima (km/h)239,"Aceleración 0-100 km/h (s)5,30"
Las Palmas,Detalles SKODA Karoq (2024) ,Matriculado: 02/2024,8288,DOMINGO ALONSO OCASIÓN,Profesional,C,12 meses,28490,no disponible,,,,,Berlina mediana o grande,,,,5 Puertas,,,,,,Gasolina,,1.500,,Manual,,,,150,,,
Córdoba,Detalles BMW Serie 6 (2015) ,Matriculado: 01/2015,140000,AUTOMOVILES ADAME,Profesional,C,12 meses,32500,106250,5007 mm Largo,1894 mm Ancho,1392 mm Alto,Capacidad del maletero (l)460/1.265,CarroceríaCoupe,Número de plazas5,"Batalla (mm)
2.968",Peso/Masa max. autorizado (kg)2.410,Número de puertas4,"Consumo medio 5,70 litros/100 km","Consumo en carretera 5,20 litros/100 km","Consumo urbano 6,60 litros/100 km",CO2 (g/km) 152 g/km,"Depósito de combustible (l) 70,00 litros",Combustible Diesel,Nº de cilindros 6 cilindros,Cilindrada (cm3) 2.993,Sobrealimentación Turbo de geometría variable,Tipo de transmisión Automática secuencial,TracciónTracción trasera,Número de marchas8,Potencia (KW)230,Potencia (CV)313,Par (Nm)630,Velocidad máxima (km/h)250,"Aceleración 0-100 km/h (s)5,40"
Valencia,Detalles MERCEDES-BENZ Clase E (2024) ,Matriculado: 05/2024,1,BELSA (TALLERES BELSA),Profesional,ECO,36 meses,72500,67203,4949 mm Largo,1880 mm Ancho,1469 mm Alto,Capacidad del maletero (l)615/1.830,CarroceríaStationwagon,Número de plazas5,"Batalla (mm)
2.961",Peso/Masa max. autorizado (kg)2.602,Número de puertas5,"Consumo medio 0,00 litros/100 km","Consumo en carretera 0,00 litros/100 km","Consumo urbano 0,00 litros/100 km",CO2 (g/km) - g/km,"Depósito de combustible (l) 66,00 litros",Combustible Diesel,Nº de cilindros 4 cilindros,Cilindrada (cm3) 1.993,Sobrealimentación Turbo,Tipo de transmisión Automática secuencial,TracciónTracción trasera,Número de marchas9,Potencia (KW)145,Potencia (CV)197,Par (Nm)440,Velocidad máxima (km/h)230,"Aceleración 0-100 km/h (s)7,90"
Valencia,Detalles MERCEDES-BENZ Clase A (2020) ,Matriculado: 10/2020,80200,BELSA (TALLERES BELSA),Profesional,C,12 meses,27890,38438,4419 mm Largo,1796 mm Ancho,1440 mm Alto,Capacidad del maletero (l)345/1.185,CarroceríaBerlina,Número de plazas5,"Batalla (mm)
2.729",Peso/Masa max. autorizado (kg)1.995,Número de puertas5,"Consumo medio 4,20 litros/100 km","Consumo en carretera 3,70 litros/100 km","Consumo urbano 5,00 litros/100 km",CO2 (g/km) 110 g/km,"Depósito de combustible (l) 43,00 litros",Combustible Diesel,Nº de cilindros 4 cilindros,Cilindrada (cm3) 1.950,Sobrealimentación Turbo de geometría variable,Tipo de transmisión Automática secuencial,TracciónTracción delantera,Número de marchas8,Potencia (KW)110,Potencia (CV)150,Par (Nm)320,Velocidad máxima (km/h)220,"Aceleración 0-100 km/h (s)8,10"
Asturias,Detalles CUPRA Formentor (2021) ,Matriculado: 10/2021,113187,AUTOS VEIMCO Avilés-Asturias,Profesional,C,12 meses,21990,38680,4446 mm Largo,1839 mm Ancho,1520 mm Alto,Capacidad del maletero (l)450/0,CarroceríaTodo Terreno,Número de plazas5,"Batalla (mm)
2.679",Peso/Masa max. autorizado (kg)1.980,Número de puertas5,"Consumo medio 5,50 litros/100 km","Consumo en carretera 5,00 litros/100 km","Consumo urbano 6,50 litros/100 km",CO2 (g/km) 126 g/km,"Depósito de combustible (l) 50,00 litros",Combustible Gasolina,Nº de cilindros 4 cilindros,Cilindrada (cm3) 1.498,Sobrealimentación Turbo,Tipo de transmisión Automática secuencial,TracciónTracción delantera,Número de marchas7,Potencia (KW)110,Potencia (CV)150,Par (Nm)250,Velocidad máxima (km/h)203,"Aceleración 0-100 km/h (s)8,90"
Madrid,Detalles CHRYSLER Voyager (2010) ,Matriculado: 03/2010,215000,ESTETICAR,Profesional,B,12 meses,7300,40925,5143 mm Largo,1954 mm Ancho,1750 mm Alto,Capacidad del maletero (l)0/3.296,CarroceríaMonovolumen,Número de plazas7,"Batalla (mm)
3.078",Peso/Masa max. autorizado (kg)2.700,Número de puertas5,"Consumo medio 9,30 litros/100 km","Consumo en carretera 7,30 litros/100 km","Consumo urbano 12,80 litros/100 km",CO2 (g/km) 222 g/km,"Depósito de combustible (l) 76,00 litros",Combustible Diesel,Nº de cilindros 4 cilindros,Cilindrada (cm3) 2.776,Sobrealimentación Turbo,Tipo de transmisión Automática secuencial,TracciónTracción delantera,Número de marchas6,Potencia (KW)120,Potencia (CV)163,Par (Nm)360,Velocidad máxima (km/h)-,"Aceleración 0-100 km/h (s)0,00"
Madrid,Detalles AUDI A6 (2010) ,Matriculado: 09/2010,262000,ESTETICAR,Profesional,B,12 meses,9500,47243,4927 mm Largo,1855 mm Ancho,1459 mm Alto,Capacidad del maletero (l)546/0,CarroceríaBerlina,Número de plazas5,"Batalla (mm)
2.843",Peso/Masa max. autorizado (kg)2.240,Número de puertas4,"Consumo medio 6,40 litros/100 km","Consumo en carretera 5,50 litros/100 km","Consumo urbano 8,00 litros/100 km",CO2 (g/km) 169 g/km,"Depósito de combustible (l) 70,00 litros",Combustible Diesel,Nº de cilindros 6 cilindros,Cilindrada (cm3) 2.698,Sobrealimentación Turbo de geometría variable,Tipo de transmisión Automática secuencial,TracciónTracción delantera,Número de marchas7,Potencia (KW)140,Potencia (CV)190,Par (Nm)400,Velocidad máxima (km/h)227,"Aceleración 0-100 km/h (s)7,90"
Salamanca,Detalles BMW X5 (2019) ,Matriculado: 11/2019,108000,STYLE AUTO SALAMANCA,Profesional,0 EMISIONES,12 meses,52990,81950,4922 mm Largo,2004 mm Ancho,1745 mm Alto,Capacidad del maletero (l)500/1.720,CarroceríaTodo Terreno,Número de plazas5,"Batalla (mm)
2.975",Peso/Masa max. autorizado (kg)3.150,Número de puertas5,"Consumo medio 1,70 litros/100 km","Consumo en carretera 0,00 litros/100 km","Consumo urbano 0,00 litros/100 km",CO2 (g/km) 38 g/km,"Depósito de combustible (l) 69,00 litros",Combustible Gasolina y corriente eléctrica,Nº de cilindros 6 cilindros,Cilindrada (cm3) 2.998,Sobrealimentación Turbo de geometría variable,Tipo de transmisión Automática secuencial,TracciónTodo terreno tracción total permanente,Número de marchas8,Potencia (KW)290,Potencia (CV)394,Par (Nm)450,Velocidad máxima (km/h)235,"Aceleración 0-100 km/h (s)6,60"
Salamanca,Detalles AUDI A5 (2021) ,Matriculado: 07/2021,147000,STYLE AUTO SALAMANCA,Profesional,ECO,12 meses,27990,55821,4757 mm Largo,1843 mm Ancho,1398 mm Alto,Capacidad del maletero (l)465/0,CarroceríaBerlina,Número de plazas5,"Batalla (mm)
2.824",Peso/Masa max. autorizado (kg)2.010,Número de puertas5,"Consumo medio 0,00 litros/100 km","Consumo en carretera 0,00 litros/100 km","Consumo urbano 0,00 litros/100 km",CO2 (g/km) - g/km,"Depósito de combustible (l) 54,00 litros",Combustible Diesel,Nº de cilindros 4 cilindros,Cilindrada (cm3) 1.968,Sobrealimentación Turbo de geometría variable,Tipo de transmisión Automática secuencial,TracciónTracción delantera,Número de marchas7,Potencia (KW)120,Potencia (CV)163,Par (Nm)380,Velocidad máxima (km/h)210,"Aceleración 0-100 km/h (s)8,20"
Málaga,Detalles AUDI A3 (2019) ,Matriculado: 06/2019,55867,Malagacarocasion.es,Profesional,C,12 meses,19895,32503,4313 mm Largo,1785 mm Ancho,1426 mm Alto,Capacidad del maletero (l)380/1.220,CarroceríaBerlina,Número de plazas5,"Batalla (mm)
2.637",Peso/Masa max. autorizado (kg)1.760,Número de puertas5,"Consumo medio 5,10 litros/100 km","Consumo en carretera 4,10 litros/100 km","Consumo urbano 5,50 litros/100 km",CO2 (g/km) 117 g/km,"Depósito de combustible (l) 50,00 litros",Combustible Gasolina,Nº de cilindros 3 cilindros,Cilindrada (cm3) 999,Sobrealimentación Turbo,Tipo de transmisión Automática secuencial,TracciónTracción delantera,Número de marchas7,Potencia (KW)85,Potencia (CV)116,Par (Nm)200,Velocidad máxima (km/h)206,"Aceleración 0-100 km/h (s)9,90"
Málaga,Detalles SEAT León (2021) ,Matriculado: 07/2021,64112,Malagacarocasion.es,Profesional,ECO,12 meses,20895,32440,4368 mm Largo,1800 mm Ancho,1442 mm Alto,Capacidad del maletero (l)380/0,CarroceríaBerlina,Número de plazas5,"Batalla (mm)
2.684",Peso/Masa max. autorizado (kg)1.890,Número de puertas5,"Consumo medio 4,80 litros/100 km","Consumo en carretera 4,10 litros/100 km","Consumo urbano 6,00 litros/100 km",CO2 (g/km) 109 g/km,"Depósito de combustible (l) 45,00 litros",Combustible Gasolina,Nº de cilindros 4 cilindros,Cilindrada (cm3) 1.498,Sobrealimentación Turbo de geometría variable,Tipo de transmisión Automática secuencial,TracciónTracción delantera,Número de marchas7,Potencia (KW)110,Potencia (CV)150,Par (Nm)250,Velocidad máxima (km/h)221,"Aceleración 0-100 km/h (s)8,40"
Málaga,Detalles VOLKSWAGEN Polo (2021) ,Matriculado: 05/2021,38600,SEAT VIGILSA MÁLAGA,Profesional,C,12 meses,15500,19092,4053 mm Largo,1751 mm Ancho,1461 mm Alto,Capacidad del maletero (l)355/1.125,CarroceríaBerlina,Número de plazas5,"Batalla (mm)
2.548",Peso/Masa max. autorizado (kg)1.640,Número de puertas5,"Consumo medio 4,60 litros/100 km","Consumo en carretera 4,00 litros/100 km","Consumo urbano 5,50 litros/100 km",CO2 (g/km) 104 g/km,"Depósito de combustible (l) 40,00 litros",Combustible Gasolina,Nº de cilindros 3 cilindros,Cilindrada (cm3) 999,Sobrealimentación Turbo,Tipo de transmisión Manual,TracciónTracción delantera,Número de marchas5,Potencia (KW)70,Potencia (CV)95,Par (Nm)175,Velocidad máxima (km/h)187,"Aceleración 0-100 km/h (s)10,80"
Málaga,Detalles SEAT Arona (2024) ,Matriculado: 01/2024,13100,SEAT VIGILSA MÁLAGA,Profesional,C,60 meses,19990,26750,4153 mm Largo,1780 mm Ancho,1552 mm Alto,Capacidad del maletero (l)400/0,CarroceríaTodo Terreno,Número de plazas5,"Batalla (mm)
2.566",Peso/Masa max. autorizado (kg)1.730,Número de puertas5,"Consumo medio 0,00 litros/100 km","Consumo en carretera 0,00 litros/100 km","Consumo urbano 0,00 litros/100 km",CO2 (g/km) - g/km,"Depósito de combustible (l) 40,00 litros",Combustible Gasolina,Nº de cilindros 3 cilindros,Cilindrada (cm3) 999,Sobrealimentación Turbo,Tipo de transmisión Manual,TracciónTracción delantera,Número de marchas6,Potencia (KW)81,Potencia (CV)110,Par (Nm)200,Velocidad máxima (km/h)190,"Aceleración 0-100 km/h (s)10,30"
Málaga,Detalles SEAT Mii (2020) ,Matriculado: 07/2020,20290,SEAT VIGILSA MÁLAGA,Profesional,0 EMISIONES,12 meses,14900,22450,3556 mm Largo,1645 mm Ancho,1481 mm Alto,Capacidad del maletero (l)251/0,CarroceríaBerlina,Número de plazas4,"Batalla (mm)
2.421",Peso/Masa max. autorizado (kg)1.530,Número de puertas5,"Consumo medio 0,00 litros/100 km","Consumo en carretera 0,00 litros/100 km","Consumo urbano 0,00 litros/100 km",CO2 (g/km) - g/km,"Depósito de combustible (l) 0,00 litros",Combustible Corriente eléctrica,Nº de cilindros - cilindros,Cilindrada (cm3) 0,Sobrealimentación -,"Tipo de transmisión Directo, sin caja de cambios",TracciónTracción delantera,Número de marchas1,Potencia (KW)61,Potencia (CV)83,Par (Nm)212,Velocidad máxima (km/h)130,"Aceleración 0-100 km/h (s)12,30"
Málaga,Detalles CUPRA Formentor (2023) ,Matriculado: 09/2023,7500,SEAT VIGILSA MÁLAGA,Profesional,C,60 meses,34900,39160,4446 mm Largo,1839 mm Ancho,1520 mm Alto,Capacidad del maletero (l)450/0,CarroceríaTodo Terreno,Número de plazas5,"Batalla (mm)
2.679",Peso/Masa max. autorizado (kg)2.030,Número de puertas5,"Consumo medio 0,00 litros/100 km","Consumo en carretera 0,00 litros/100 km","Consumo urbano 0,00 litros/100 km",CO2 (g/km) - g/km,"Depósito de combustible (l) 50,00 litros",Combustible Diesel,Nº de cilindros 4 cilindros,Cilindrada (cm3) 1.968,Sobrealimentación Turbo,Tipo de transmisión Manual,TracciónTracción delantera,Número de marchas6,Potencia (KW)110,Potencia (CV)150,Par (Nm)340,Velocidad máxima (km/h)205,"Aceleración 0-100 km/h (s)9,30"
Granada,Detalles VOLKSWAGEN Tiguan (2019) ,Matriculado: 08/2019,49600,SEAT VIGILSA,Profesional,C,12 meses,27900,39984,4486 mm Largo,1839 mm Ancho,1632 mm Alto,Capacidad del maletero (l)615/1.655,CarroceríaTodo Terreno,Número de plazas5,"Batalla (mm)
2.677",Peso/Masa max. autorizado (kg)2.140,Número de puertas5,"Consumo medio 5,80 litros/100 km","Consumo en carretera 4,10 litros/100 km","Consumo urbano 7,50 litros/100 km",CO2 (g/km) 129 g/km,"Depósito de combustible (l) 58,00 litros",Combustible Gasolina,Nº de cilindros 4 cilindros,Cilindrada (cm3) 1.498,Sobrealimentación Turbo,Tipo de transmisión Automática secuencial,TracciónTracción delantera,Número de marchas7,Potencia (KW)110,Potencia (CV)150,Par (Nm)250,Velocidad máxima (km/h)200,"Aceleración 0-100 km/h (s)9,20"
Granada,Detalles VOLKSWAGEN Polo (2021) ,Matriculado: 05/2021,38600,SEAT VIGILSA,Profesional,C,12 meses,15500,19092,4053 mm Largo,1751 mm Ancho,1461 mm Alto,Capacidad del maletero (l)355/1.125,CarroceríaBerlina,Número de plazas5,"Batalla (mm)
2.548",Peso/Masa max. autorizado (kg)1.640,Número de puertas5,"Consumo medio 4,60 litros/100 km","Consumo en carretera 4,00 litros/100 km","Consumo urbano 5,50 litros/100 km",CO2 (g/km) 104 g/km,"Depósito de combustible (l) 40,00 litros",Combustible Gasolina,Nº de cilindros 3 cilindros,Cilindrada (cm3) 999,Sobrealimentación Turbo,Tipo de transmisión Manual,TracciónTracción delantera,Número de marchas5,Potencia (KW)70,Potencia (CV)95,Par (Nm)175,Velocidad máxima (km/h)187,"Aceleración 0-100 km/h (s)10,80"
Granada,Detalles SEAT Ateca (2021) ,Matriculado: 02/2021,49500,SEAT VIGILSA,Profesional,C,12 meses,25900 26900 4%,40160,4381 mm Largo,1841 mm Ancho,1601 mm Alto,Capacidad del maletero (l)510/0,CarroceríaTodo Terreno,Número de plazas5,"Batalla (mm)
2.638",Peso/Masa max. autorizado (kg)1.940,Número de puertas5,"Consumo medio 5,60 litros/100 km","Consumo en carretera 5,20 litros/100 km","Consumo urbano 6,30 litros/100 km",CO2 (g/km) 127 g/km,"Depósito de combustible (l) 50,00 litros",Combustible Gasolina,Nº de cilindros 4 cilindros,Cilindrada (cm3) 1.498,Sobrealimentación Turbo de geometría variable,Tipo de transmisión Automática secuencial,TracciónTracción delantera,Número de marchas7,Potencia (KW)110,Potencia (CV)150,Par (Nm)250,Velocidad máxima (km/h)202,"Aceleración 0-100 km/h (s)9,00"
Granada,Detalles HYUNDAI Kona (2019) ,Matriculado: 05/2019,25100,SEAT VIGILSA,Profesional,0 EMISIONES,12 meses,21900 22900 4%,40150,4180 mm Largo,1800 mm Ancho,1570 mm Alto,Capacidad del maletero (l)332/1.114,CarroceríaTodo Terreno,Número de plazas5,"Batalla (mm)
2.600",Peso/Masa max. autorizado (kg)2.170,Número de puertas5,"Consumo medio 0,00 litros/100 km","Consumo en carretera 0,00 litros/100 km","Consumo urbano 0,00 litros/100 km",CO2 (g/km) - g/km,"Depósito de combustible (l) 0,00 litros",Combustible Corriente eléctrica,Nº de cilindros - cilindros,Cilindrada (cm3) 0,Sobrealimentación -,"Tipo de transmisión Directo, sin caja de cambios",TracciónTracción delantera,Número de marchas1,Potencia (KW)150,Potencia (CV)204,Par (Nm)395,Velocidad máxima (km/h)167,"Aceleración 0-100 km/h (s)7,90"
Málaga,Detalles MERCEDES-BENZ Citan (2023) ,Matriculado: 02/2023,18290,ANGALTRUCK,Profesional,no disponible,24 meses,27900,no disponible,,,,,Monovolumen,5,,1.636,5 Puertas,"5,00",,,,,Diésel,,1.461,,Automático,,7,,95,,,
Málaga,Detalles MERCEDES-BENZ Clase V (2024) ,Matriculado: 06/2024,9900,ANGALTRUCK,Profesional,no disponible,36 meses,71900,no disponible,,,,,Monovolumen,8,,2.075,5 Puertas,"7,00","6,00","7,00",,,Diésel,,1.950,,Automático,,9,,163,,,
Murcia,Detalles VOLVO XC40 (2018) ,Matriculado: 10/2018,66965,VOLVO SEDAUTO,Profesional,C,24 meses,29900,38500,4425 mm Largo,1863 mm Ancho,1652 mm Alto,Capacidad del maletero (l)460/1.336,CarroceríaTodo Terreno,Número de plazas5,"Batalla (mm)
2.702",Peso/Masa max. autorizado (kg)2.250,Número de puertas5,"Consumo medio 5,00 litros/100 km","Consumo en carretera 4,70 litros/100 km","Consumo urbano 5,40 litros/100 km",CO2 (g/km) 131 g/km,"Depósito de combustible (l) 54,00 litros",Combustible Diesel,Nº de cilindros 4 cilindros,Cilindrada (cm3) 1.969,Sobrealimentación Turbo de geometría variable,Tipo de transmisión Automática secuencial,TracciónTracción delantera,Número de marchas8,Potencia (KW)110,Potencia (CV)150,Par (Nm)320,Velocidad máxima (km/h)200,"Aceleración 0-100 km/h (s)10,20"
Barcelona,Detalles HYUNDAI Santa Fe (2007) ,Matriculado: 07/2007,175000,RAUL BLANCO JIMENEZ,Profesional,B,12 meses,8500,39800,4675 mm Largo,1890 mm Ancho,1795 mm Alto,Capacidad del maletero (l)774/1.582,CarroceríaTodo Terreno,Número de plazas7,"Batalla (mm)
2.700",Peso/Masa max. autorizado (kg)2.393,Número de puertas5,"Consumo medio 8,10 litros/100 km","Consumo en carretera 6,70 litros/100 km","Consumo urbano 10,40 litros/100 km",CO2 (g/km) 218 g/km,"Depósito de combustible (l) 75,00 litros",Combustible Diesel,Nº de cilindros 4 cilindros,Cilindrada (cm3) 2.188,Sobrealimentación Turbo,Tipo de transmisión Automática,TracciónTodo terreno tracción total conectable,Número de marchas5,Potencia (KW)114,Potencia (CV)155,Par (Nm)335,Velocidad máxima (km/h)179,"Aceleración 0-100 km/h (s)12,60"
Las Palmas,Detalles MITSUBISHI Montero (2006) ,Matriculado: 12/2006,167000,SHOPING CAR,Profesional,B,12 meses,14000,44300,4830 mm Largo,1895 mm Ancho,1855 mm Alto,Capacidad del maletero (l)0/0,CarroceríaTodo Terreno,Número de plazas7,"Batalla (mm)
2.780",Peso/Masa max. autorizado (kg)2.810,Número de puertas5,"Consumo medio 9,50 litros/100 km","Consumo en carretera 7,90 litros/100 km","Consumo urbano 12,10 litros/100 km",CO2 (g/km) 319 g/km,"Depósito de combustible (l) 90,00 litros",Combustible Diesel,Nº de cilindros 4 cilindros,Cilindrada (cm3) 3.200,Sobrealimentación Turbo,Tipo de transmisión Manual,TracciónTodo terreno tracción total permanente,Número de marchas5,Potencia (KW)118,Potencia (CV)160,Par (Nm)373,Velocidad máxima (km/h)170,"Aceleración 0-100 km/h (s)12,00"
Murcia,Detalles VOLVO XC40 (2021) ,Matriculado: 04/2021,37347,VOLVO SEDAUTO,Profesional,C,24 meses,31500,39550,4425 mm Largo,1863 mm Ancho,1652 mm Alto,Capacidad del maletero (l)460/1.336,CarroceríaTodo Terreno,Número de plazas5,"Batalla (mm)
2.702",Peso/Masa max. autorizado (kg)2.060,Número de puertas5,"Consumo medio 6,50 litros/100 km","Consumo en carretera 5,40 litros/100 km","Consumo urbano 8,30 litros/100 km",CO2 (g/km) 147 g/km,"Depósito de combustible (l) 54,00 litros",Combustible Gasolina,Nº de cilindros 3 cilindros,Cilindrada (cm3) 1.477,Sobrealimentación Turbo,Tipo de transmisión Automática secuencial,TracciónTracción delantera,Número de marchas8,Potencia (KW)120,Potencia (CV)163,Par (Nm)265,Velocidad máxima (km/h)200,"Aceleración 0-100 km/h (s)9,40"
Valencia,Detalles AUDI Q3 (2024) ,Matriculado: 09/2024,1,COMERCIAL ANACA,Profesional,C,36 meses,43110,49491,4484 mm Largo,1849 mm Ancho,1616 mm Alto,Capacidad del maletero (l)530/1.525,CarroceríaTodo Terreno,Número de plazas5,"Batalla (mm)
2.680",Peso/Masa max. autorizado (kg)2.085,Número de puertas5,"Consumo medio 0,00 litros/100 km","Consumo en carretera 0,00 litros/100 km","Consumo urbano 0,00 litros/100 km",CO2 (g/km) - g/km,"Depósito de combustible (l) 64,00 litros",Combustible Diesel,Nº de cilindros 4 cilindros,Cilindrada (cm3) 1.968,Sobrealimentación Turbo de geometría variable,Tipo de transmisión Automática secuencial,TracciónTracción delantera,Número de marchas7,Potencia (KW)110,Potencia (CV)150,Par (Nm)340,Velocidad máxima (km/h)207,"Aceleración 0-100 km/h (s)9,20"
Valencia,Detalles VOLKSWAGEN Tiguan (2024) ,Matriculado: 10/2024,1,COMERCIAL ANACA,Profesional,C,36 meses,45690,52539,4539 mm Largo,1859 mm Ancho,1658 mm Alto,Capacidad del maletero (l)652/1.650,CarroceríaTodo Terreno,Número de plazas5,"Batalla (mm)
2.677",Peso/Masa max. autorizado (kg)2.170,Número de puertas5,"Consumo medio 0,00 litros/100 km","Consumo en carretera 0,00 litros/100 km","Consumo urbano 0,00 litros/100 km",CO2 (g/km) - g/km,"Depósito de combustible (l) 55,00 litros",Combustible Diesel,Nº de cilindros 4 cilindros,Cilindrada (cm3) 1.968,Sobrealimentación Turbo de geometría variable,Tipo de transmisión Automática secuencial,TracciónTracción delantera,Número de marchas7,Potencia (KW)110,Potencia (CV)150,Par (Nm)360,Velocidad máxima (km/h)207,"Aceleración 0-100 km/h (s)9,40"
Lugo,Detalles MERCEDES-BENZ Clase GLA (2020) ,Matriculado: 12/2020,34900,Ditram Monforte | Foz | Automotor10,Profesional,no disponible,12 meses,38900,no disponible,,,,,"4x4, SUV o pickup",5,,1.615,5 Puertas,"5,00","4,00","5,00",,,Diésel,,1.950,,Automático,,8,,150,,,
Lugo,Detalles HYUNDAI Bayon (2022) ,Matriculado: 01/2022,104000,Ditram Monforte | Foz | Automotor10,Profesional,ECO,12 meses,15900,27765,4180 mm Largo,1775 mm Ancho,1500 mm Alto,Capacidad del maletero (l)411/1.205,CarroceríaTodo Terreno,Número de plazas5,"Batalla (mm)
2.580",Peso/Masa max. autorizado (kg)1.660,Número de puertas5,"Consumo medio 0,00 litros/100 km","Consumo en carretera 0,00 litros/100 km","Consumo urbano 0,00 litros/100 km",CO2 (g/km) - g/km,"Depósito de combustible (l) 40,00 litros",Combustible Gasolina,Nº de cilindros 3 cilindros,Cilindrada (cm3) 998,Sobrealimentación Turbo,Tipo de transmisión Manual,TracciónTracción delantera,Número de marchas6,Potencia (KW)74,Potencia (CV)100,Par (Nm)175,Velocidad máxima (km/h)183,"Aceleración 0-100 km/h (s)10,70"
Jaén,Detalles MERCEDES-BENZ Clase CLA (2021) ,Matriculado: 05/2021,31255,"JADISA,concesionario oficial Mercedes-Benz",Profesional,C,24 meses,36990,45394,4688 mm Largo,1830 mm Ancho,1442 mm Alto,Capacidad del maletero (l)495/1.360,CarroceríaStationwagon,Número de plazas5,"Batalla (mm)
2.729",Peso/Masa max. autorizado (kg)2.120,Número de puertas5,"Consumo medio 4,40 litros/100 km","Consumo en carretera 3,00 litros/100 km","Consumo urbano 5,60 litros/100 km",CO2 (g/km) 115 g/km,"Depósito de combustible (l) 43,00 litros",Combustible Diesel,Nº de cilindros 4 cilindros,Cilindrada (cm3) 1.950,Sobrealimentación Turbo de geometría variable,Tipo de transmisión Automática secuencial,TracciónTracción delantera,Número de marchas8,Potencia (KW)110,Potencia (CV)150,Par (Nm)320,Velocidad máxima (km/h)221,"Aceleración 0-100 km/h (s)8,40"
Jaén,Detalles MERCEDES-BENZ Clase C (2024) ,Matriculado: 03/2024,25500,"JADISA,concesionario oficial Mercedes-Benz",Profesional,no disponible,36 meses,41990,no disponible,,,,,Berlina mediana o grande,5,,1.755,4 Puertas,"4,00","3,00","5,00",,,Diésel,,1.992,,Automático,,9,,163,,,
Cádiz,Detalles MERCEDES-BENZ Clase A (2023) ,Matriculado: 02/2023,15524,"CADIMAR S.A., concesionario oficial Mercedes-Benz",Profesional,no disponible,24 meses,29900,no disponible,,,,,Berlina mediana o grande,5,,1.530,5 Puertas,"5,00",,,,,Diésel,,1.950,,Automático,,8,,116,,,
Cádiz,Detalles MERCEDES-BENZ Clase GLA (2020) ,Matriculado: 10/2020,111516,"CADIMAR S.A., concesionario oficial Mercedes-Benz",Profesional,no disponible,24 meses,35500,no disponible,,,,,"4x4, SUV o pickup",5,,1.615,5 Puertas,"5,00","4,00","5,00",,,Diésel,,1.950,,Automático,,8,,150,,,
Lleida,Detalles SEAT Ateca (2018) ,Matriculado: 07/2018,95000,SOLCAR,Profesional,no disponible,12 meses,18900,no disponible,,,,,"4x4, SUV o pickup",5,,,5 Puertas,,,,,,Diésel,,,,Manual,,,,116,,,
Barcelona,Detalles MERCEDES-BENZ Clase B (2022) ,Matriculado: 04/2022,34600,MERCEDES-BENZ LG BARCELONA,Profesional,C,36 meses,31195,43894,4419 mm Largo,1796 mm Ancho,1562 mm Alto,Capacidad del maletero (l)445/1.530,CarroceríaMonovolumen,Número de plazas5,"Batalla (mm)
2.729",Peso/Masa max. autorizado (kg)2.090,Número de puertas5,"Consumo medio 0,00 litros/100 km","Consumo en carretera 0,00 litros/100 km","Consumo urbano 0,00 litros/100 km",CO2 (g/km) - g/km,"Depósito de combustible (l) 43,00 litros",Combustible Diesel,Nº de cilindros 4 cilindros,Cilindrada (cm3) 1.950,Sobrealimentación Turbo de geometría variable,Tipo de transmisión Automática secuencial,TracciónTracción delantera,Número de marchas8,Potencia (KW)85,Potencia (CV)116,Par (Nm)280,Velocidad máxima (km/h)200,"Aceleración 0-100 km/h (s)10,00"
Barcelona,Detalles MERCEDES-BENZ Clase B (2022) ,Matriculado: 08/2022,18490,MERCEDES-BENZ LG BARCELONA,Profesional,C,36 meses,31195,43894,4419 mm Largo,1796 mm Ancho,1562 mm Alto,Capacidad del maletero (l)445/1.530,CarroceríaMonovolumen,Número de plazas5,"Batalla (mm)
2.729",Peso/Masa max. autorizado (kg)2.090,Número de puertas5,"Consumo medio 0,00 litros/100 km","Consumo en carretera 0,00 litros/100 km","Consumo urbano 0,00 litros/100 km",CO2 (g/km) - g/km,"Depósito de combustible (l) 43,00 litros",Combustible Diesel,Nº de cilindros 4 cilindros,Cilindrada (cm3) 1.950,Sobrealimentación Turbo de geometría variable,Tipo de transmisión Automática secuencial,TracciónTracción delantera,Número de marchas8,Potencia (KW)85,Potencia (CV)116,Par (Nm)280,Velocidad máxima (km/h)200,"Aceleración 0-100 km/h (s)10,00"
Asturias,Detalles TOYOTA RAV-4 (2010) ,Matriculado: 01/2010,211000,MONTECAR,Profesional,B,12 meses,12900,31900,4445 mm Largo,1815 mm Ancho,1720 mm Alto,Capacidad del maletero (l)586/0,CarroceríaTodo Terreno,Número de plazas5,"Batalla (mm)
2.560",Peso/Masa max. autorizado (kg)2.190,Número de puertas5,"Consumo medio 5,80 litros/100 km","Consumo en carretera 5,00 litros/100 km","Consumo urbano 7,20 litros/100 km",CO2 (g/km) 154 g/km,"Depósito de combustible (l) 60,00 litros",Combustible Diesel,Nº de cilindros 4 cilindros,Cilindrada (cm3) 2.231,Sobrealimentación -,Tipo de transmisión Manual,TracciónTodo terreno tracción total permanente,Número de marchas6,Potencia (KW)110,Potencia (CV)150,Par (Nm)340,Velocidad máxima (km/h)190,"Aceleración 0-100 km/h (s)10,20"
Valencia,Detalles MINI Mini (2024) ,Matriculado: 09/2024,33,BMW BERTOLIN,Profesional,C,24 meses,35490,31350,4036 mm Largo,1744 mm Ancho,1464 mm Alto,Capacidad del maletero (l)275/925,CarroceríaBerlina,Número de plazas5,"Batalla (mm)
2.567",Peso/Masa max. autorizado (kg)1.840,Número de puertas5,Consumo mediolitros/100 km,Consumo en carreteralitros/100 km,Consumo urbanolitros/100 km,,"Depósito de combustible (l) 44,00 litros",Combustible Gasolina,Nº de cilindros 3 cilindros,Cilindrada (cm3) 1.499,Sobrealimentación Turbo,Tipo de transmisión Automática secuencial,TracciónTracción delantera,Número de marchas7,Potencia (KW)115,Potencia (CV)156,Par (Nm)230,Velocidad máxima (km/h)225,"Aceleración 0-100 km/h (s)8,70"
Madrid,Detalles PEUGEOT 5008 SUV (2019) ,Matriculado: 02/2019,149000,MID CAR TIENDA 2,Profesional,C,12 meses,21950,38850,4641 mm Largo,1844 mm Ancho,1651 mm Alto,Capacidad del maletero (l)780/0,CarroceríaTodo Terreno,Número de plazas7,"Batalla (mm)
2.840",Peso/Masa max. autorizado (kg)2.280,Número de puertas5,"Consumo medio 4,80 litros/100 km","Consumo en carretera 4,60 litros/100 km","Consumo urbano 5,30 litros/100 km",CO2 (g/km) 129 g/km,"Depósito de combustible (l) 56,00 litros",Combustible Diesel,Nº de cilindros 4 cilindros,Cilindrada (cm3) 1.997,Sobrealimentación Turbo de geometría variable,Tipo de transmisión Automática secuencial,TracciónTracción delantera,Número de marchas8,Potencia (KW)133,Potencia (CV)180,Par (Nm)400,Velocidad máxima (km/h)211,"Aceleración 0-100 km/h (s)8,90"
Málaga,Detalles HYUNDAI Tucson (2021) ,Matriculado: 11/2021,80000,MARBESOL,Profesional,C,112 meses,19500,30725,4500 mm Largo,1865 mm Ancho,1650 mm Alto,Capacidad del maletero (l)577/1.756,CarroceríaTodo Terreno,Número de plazas5,"Batalla (mm)
2.680",Peso/Masa max. autorizado (kg)2.065,Número de puertas5,"Consumo medio 0,00 litros/100 km","Consumo en carretera 0,00 litros/100 km","Consumo urbano 0,00 litros/100 km",CO2 (g/km) 121 g/km,"Depósito de combustible (l) 54,00 litros",Combustible Gasolina,Nº de cilindros 4 cilindros,Cilindrada (cm3) 1.598,Sobrealimentación Turbo,Tipo de transmisión Manual,TracciónTracción delantera,Número de marchas6,Potencia (KW)110,Potencia (CV)150,Par (Nm)250,Velocidad máxima (km/h)189,"Aceleración 0-100 km/h (s)10,30"
Barcelona,Detalles TESLA Model 3 (2019) ,Matriculado: 02/2019,125653,Tesla Barcelona,Profesional,0 EMISIONES,No,27900,65300,4694 mm Largo,1933 mm Ancho,1443 mm Alto,Capacidad del maletero (l)0/0,CarroceríaBerlina,Número de plazas5,"Batalla (mm)
2.875",Peso/Masa max. autorizado (kg)2.305,Número de puertas4,"Consumo medio 0,00 litros/100 km","Consumo en carretera 0,00 litros/100 km","Consumo urbano 0,00 litros/100 km",CO2 (g/km) - g/km,"Depósito de combustible (l) 0,00 litros",Combustible Corriente eléctrica,Nº de cilindros - cilindros,Cilindrada (cm3) 0,Sobrealimentación -,"Tipo de transmisión Directo, sin caja de cambios",TracciónTracción total permanente,Número de marchas1,Potencia (KW)377,Potencia (CV)513,Par (Nm)621,Velocidad máxima (km/h)250,"Aceleración 0-100 km/h (s)3,70"
Barcelona,Detalles TESLA Model X (2023) ,Matriculado: 07/2023,8654,Tesla Barcelona,Profesional,0 EMISIONES,No,77800,no disponible,,,,,"4x4, SUV o pickup",,,,5 Puertas,,,,,,Eléctrico,,,,Automático,,,,504,,,
Málaga,Detalles VOLVO XC60 (2023) ,Matriculado: 04/2023,18182,"VOLVO VYPSA, Volvo Málaga",Profesional,C,12 meses,42500,no disponible,,,,,"4x4, SUV o pickup",,,,5 Puertas,,,,,,Gasolina,,,,Automático,,,,197,,,
Salamanca,Detalles AUDI Q2 (2018) ,Matriculado: 01/2018,80500,AUTOS CRISMA,Profesional,C,12 meses,30000,39569,4191 mm Largo,1794 mm Ancho,1508 mm Alto,Capacidad del maletero (l)355/1.050,CarroceríaTodo Terreno,Número de plazas5,"Batalla (mm)
2.601",Peso/Masa max. autorizado (kg)1.990,Número de puertas5,"Consumo medio 6,40 litros/100 km","Consumo en carretera 5,50 litros/100 km","Consumo urbano 8,10 litros/100 km",CO2 (g/km) 146 g/km,"Depósito de combustible (l) 55,00 litros",Combustible Gasolina,Nº de cilindros 4 cilindros,Cilindrada (cm3) 1.984,Sobrealimentación Turbo,Tipo de transmisión Automática secuencial,TracciónTodo terreno tracción total permanente,Número de marchas7,Potencia (KW)140,Potencia (CV)190,Par (Nm)320,Velocidad máxima (km/h)228,"Aceleración 0-100 km/h (s)6,50"
Barcelona,Detalles NISSAN Qashqai (2023) ,Matriculado: 08/2023,12500,SANTI ENRIQUE Concesionario oficial Nissan,Profesional,ECO,12 meses,26900,no disponible,,,,,"4x4, SUV o pickup",,,,5 Puertas,"6,40",,,,,Gasolina y corriente eléctrica,,1.332,,Manual,,,,140,,,
Barcelona,Detalles NISSAN Qashqai (2023) ,Matriculado: 01/2023,17098,SANTI ENRIQUE Concesionario oficial Nissan,Profesional,ECO,12 meses,28900,no disponible,,,,,"4x4, SUV o pickup",,,,5 Puertas,"6,40",,,,,Gasolina y corriente eléctrica,,1.332,,Manual,,,,140,,,
Barcelona,Detalles SEAT León (2024) ,Matriculado: 01/2024,11909,ONDINAUTO Concesionario oficial DAS WELTAUTO,Profesional,ECO,12 meses,26900,no disponible,,,,,Berlina mediana o grande,,,,5 Puertas,"5,50",,,,,Gasolina y corriente eléctrica,,1.498,,Automático,,,,150,,,
Barcelona,Detalles VOLKSWAGEN Polo (2023) ,Matriculado: 11/2023,329,ONDINAUTO Concesionario oficial DAS WELTAUTO,Profesional,C,12 meses,21390,24668,4074 mm Largo,1751 mm Ancho,1451 mm Alto,Capacidad del maletero (l)351/1.125,CarroceríaBerlina,Número de plazas5,"Batalla (mm)
2.548",Peso/Masa max. autorizado (kg)1.640,Número de puertas5,"Consumo medio 0,00 litros/100 km","Consumo en carretera 0,00 litros/100 km","Consumo urbano 0,00 litros/100 km",CO2 (g/km) - g/km,"Depósito de combustible (l) 40,00 litros",Combustible Gasolina,Nº de cilindros 3 cilindros,Cilindrada (cm3) 999,Sobrealimentación Turbo,Tipo de transmisión Manual,TracciónTracción delantera,Número de marchas5,Potencia (KW)70,Potencia (CV)95,Par (Nm)175,Velocidad máxima (km/h)187,"Aceleración 0-100 km/h (s)10,80"
Madrid,Detalles BMW Z4 (2020) ,Matriculado: 11/2020,19000,MYCAR MOTOR MADRID,Profesional,C,12 meses,45500,62900,4324 mm Largo,1864 mm Ancho,1304 mm Alto,Capacidad del maletero (l)281/0,CarroceríaRoadster,Número de plazas2,"Batalla (mm)
2.470",Peso/Masa max. autorizado (kg)1.740,Número de puertas2,"Consumo medio 5,90 litros/100 km","Consumo en carretera 5,10 litros/100 km","Consumo urbano 7,40 litros/100 km",CO2 (g/km) 136 g/km,"Depósito de combustible (l) 52,00 litros",Combustible Gasolina,Nº de cilindros 4 cilindros,Cilindrada (cm3) 1.998,Sobrealimentación Turbo,Tipo de transmisión Automática secuencial,TracciónTracción trasera,Número de marchas8,Potencia (KW)190,Potencia (CV)258,Par (Nm)400,Velocidad máxima (km/h)250,"Aceleración 0-100 km/h (s)5,40"
Toledo,Detalles RENAULT Zoe (2019) ,Matriculado: 01/2019,28000,SAEZ BRAVO MOTOR,Profesional,0 EMISIONES,12 meses,14500,no disponible,,,,,Pequeño,5,,,5 Puertas,,,,,,Eléctrico,,,,Automático,,,,58,,,
Asturias,Detalles VOLKSWAGEN Tiguan (2019) ,Matriculado: 05/2019,228000,AUTOS VEIMCO Avilés-Asturias,Profesional,C,12 meses,19500,44694,4486 mm Largo,1839 mm Ancho,1643 mm Alto,Capacidad del maletero (l)615/1.655,CarroceríaTodo Terreno,Número de plazas5,"Batalla (mm)
2.677",Peso/Masa max. autorizado (kg)2.330,Número de puertas5,"Consumo medio 5,10 litros/100 km","Consumo en carretera 3,50 litros/100 km","Consumo urbano 6,60 litros/100 km",CO2 (g/km) 134 g/km,"Depósito de combustible (l) 58,00 litros",Combustible Diesel,Nº de cilindros 4 cilindros,Cilindrada (cm3) 1.968,Sobrealimentación Turbo de geometría variable,Tipo de transmisión Automática secuencial,TracciónTodo terreno tracción total permanente,Número de marchas7,Potencia (KW)110,Potencia (CV)150,Par (Nm)340,Velocidad máxima (km/h)200,"Aceleración 0-100 km/h (s)9,30"
Vizcaya,Detalles BMW Serie 5 (2019) ,Matriculado: 05/2019,110000,GESTICAR BILBAO,Profesional,C,12 meses,27990,58350,4936 mm Largo,1868 mm Ancho,1479 mm Alto,Capacidad del maletero (l)530/0,CarroceríaBerlina,Número de plazas5,"Batalla (mm)
2.975",Peso/Masa max. autorizado (kg)2.330,Número de puertas4,"Consumo medio 4,70 litros/100 km","Consumo en carretera 4,40 litros/100 km","Consumo urbano 5,30 litros/100 km",CO2 (g/km) 124 g/km,"Depósito de combustible (l) 66,00 litros",Combustible Diesel,Nº de cilindros 4 cilindros,Cilindrada (cm3) 1.995,Sobrealimentación Turbo de geometría variable,Tipo de transmisión Automática secuencial,TracciónTracción total permanente,Número de marchas8,Potencia (KW)140,Potencia (CV)190,Par (Nm)400,Velocidad máxima (km/h)232,"Aceleración 0-100 km/h (s)7,30"
Cantabria,Detalles BMW X1 (2021) ,Matriculado: 01/2021,65911,BMW GRÜNBLAU MOTOR,Profesional,C,24 meses,32000,38785,4447 mm Largo,1821 mm Ancho,1598 mm Alto,Capacidad del maletero (l)505/1.550,CarroceríaTodo Terreno,Número de plazas5,"Batalla (mm)
2.670",Peso/Masa max. autorizado (kg)2.125,Número de puertas5,"Consumo medio 4,30 litros/100 km","Consumo en carretera 4,00 litros/100 km","Consumo urbano 5,00 litros/100 km",CO2 (g/km) 114 g/km,"Depósito de combustible (l) 51,00 litros",Combustible Diesel,Nº de cilindros 4 cilindros,Cilindrada (cm3) 1.995,Sobrealimentación Turbo de geometría variable,Tipo de transmisión Automática secuencial,TracciónTracción delantera,Número de marchas8,Potencia (KW)110,Potencia (CV)150,Par (Nm)350,Velocidad máxima (km/h)200,"Aceleración 0-100 km/h (s)9,40"
Cantabria,Detalles BMW X4 (2020) ,Matriculado: 01/2020,86670,BMW GRÜNBLAU MOTOR,Profesional,C,24 meses,51000,63700,4752 mm Largo,1918 mm Ancho,1621 mm Alto,Capacidad del maletero (l)525/1.430,CarroceríaCoupe,Número de plazas5,"Batalla (mm)
2.864",Peso/Masa max. autorizado (kg)2.460,Número de puertas5,"Consumo medio 5,70 litros/100 km","Consumo en carretera 5,20 litros/100 km","Consumo urbano 6,70 litros/100 km",CO2 (g/km) 150 g/km,"Depósito de combustible (l) 68,00 litros",Combustible Diesel,Nº de cilindros 6 cilindros,Cilindrada (cm3) 2.993,Sobrealimentación Turbo de geometría variable,Tipo de transmisión Automática secuencial,TracciónTodo terreno tracción total permanente,Número de marchas8,Potencia (KW)195,Potencia (CV)265,Par (Nm)620,Velocidad máxima (km/h)240,"Aceleración 0-100 km/h (s)5,80"
Girona,Detalles FORD Ka (2000) ,Matriculado: 08/2000,145000,ESTANY AUTOMOCIÓ,Profesional,B,Sí,1900,9851,3620 mm Largo,1639 mm Ancho,1827 mm Alto,Capacidad del maletero (l)186/724,CarroceríaBerlina,Número de plazas4,"Batalla (mm)
2.448",Peso/Masa max. autorizado (kg)1.270,Número de puertas3,"Consumo medio 7,70 litros/100 km","Consumo en carretera 5,50 litros/100 km","Consumo urbano 8,80 litros/100 km",CO2 (g/km) - g/km,"Depósito de combustible (l) 40,00 litros",Combustible Gasolina,Nº de cilindros 4 cilindros,Cilindrada (cm3) 1.299,Sobrealimentación -,Tipo de transmisión Manual,TracciónTracción delantera,Número de marchas5,Potencia (KW)44,Potencia (CV)60,Par (Nm)99,Velocidad máxima (km/h)-,"Aceleración 0-100 km/h (s)15,40"
